CALIFA_name,RA,DEC,Distance,zstar,SNR,PA,Final_QS,Final_NA,SFR,Mstar,Det_4sig?
ARP118,43.7945833333333,-0.17994444444444402,117.08908583235136,0.0277302676310054,17.887604819321894,208.058904630393,MX,nonA,6.345116195696556,542868503525.2209,Y
ARP180,73.35249999999999,-4.79269444444444,59.200977039610855,0.0140205974421557,6.451707865136963,112.002989575007,MX,nonA,0.09676918714707046,27406786155.386486,Y
CGCG97120c,176.204583333333,19.7951666666667,79.42966824382026,0.0188113686479439,14.58098389191169,131.698084526147,MX,nonA,0.26591351749193215,19621616215.275127,Y
CGCG97120d,176.204583333333,19.7951666666667,79.38422428322883,0.0188006061316901,14.976982925670342,133.145511854998,cen,nonA,2.2479860295021954,67309255006.31468,Y
IC0208,32.11541666666669,6.3950833333333295,48.26731611509061,0.0114311729755771,11.939545026918141,250.153924567329,cQ,nonA,0.3589447852396007,17527201921.28265,Y
IC1078,224.12083333333294,9.35452777777778,121.11877145282091,0.0286846201219321,7.852953096106922,126.330796215758,cQ,nonA,2.0106797448410796,69723918908.1529,Y
IC2361,126.43499999999999,27.8745833333333,29.74424990891638,0.00704434580383294,5.208873286565173,167.287550980062,MX,nonA,0.18613588431038325,6309725182.173776,Y
IC4215,199.06999999999996,25.4051944444444,54.57179914089191,0.0129242668906745,4.878649623692005,136.179755663955,MX,sAGN,0.09212689090497907,28843554199.422768,Y
KUG1349+143,207.88708333333298,14.1108888888889,103.68839124315272,0.0245565743293777,9.443771865829602,210.564399010473,MX,nonA,0.4337147346241146,26692161932.696022,Y
MCG-02-03-015,11.943333333333298,-9.83502777777778,80.6960718870838,0.0191112916655927,4.194195760947974,112.401020569438,MX,nonA,3.6816258301111575,553839616529.6313,Y
MCG-02-08-014,43.09749999999999,-8.51038888888889,70.81083272476081,0.0167701654571244,4.213879439417813,187.986316821541,MX,wAGN,0.15170214472993115,44111048533.758224,Y
NGC0036,2.8425,6.389388888888891,84.17790079845342,0.0199358949740163,5.511008567341656,105.182903452856,cQ,nonA,3.260328568131281,141534973438.77002,Y
NGC0177,9.392916666666668,-22.549194444444396,51.72704044917347,0.0122505412457418,4.932973123813961,98.9897680804794,QnR,wAGN,0.48885633416977226,52248292013.67789,Y
NGC0192,9.80583333333333,0.8641944444444439,58.34059533302909,0.0138168328058642,13.849369836638623,255.408227352184,MX,nonA,3.1394924797614707,98525388071.59093,Y
NGC0217,10.390833333333298,-10.0215833333333,54.82636612400921,0.012984556118502,7.159742085126675,202.540178816028,MX,nonA,0.11567182517809546,103824752632.11305,Y
NGC0309,14.177499999999998,-9.913888888888888,79.63304569442408,0.0188595346328029,13.083757720187956,226.111609277659,QnR,nonA,4.2870619458218355,101830753748.86226,Y
NGC0426,18.202499999999997,-0.290166666666667,73.73001472584006,0.0174615168121896,6.663719917832768,234.935841914109,nR,nonA,0.45064898262824216,111530432197.93346,Y
NGC0570,22.2441666666667,-0.9490000000000001,77.78834782600478,0.0184226539002737,7.046124333712317,217.493617350508,nR,nonA,0.22614190767056316,91694989031.87636,Y
NGC0675,27.285833333333294,13.059805555555599,74.02625543889192,0.0175316756506307,5.6832093499434615,190.425018721219,nR,nonA,0.15799297555152855,40520461052.74361,Y
NGC0681,27.295,-10.426499999999999,24.009441624340703,0.0056861682468616,13.895144431169712,172.456018150504,MX,wAGN,0.40947368713164106,18703576132.221848,Y
NGC0787,30.202500000000004,-9.00258333333333,66.81732563032983,0.0158243811448833,7.70330235193275,175.627714456369,MX,nonA,0.44436799628700857,98065563009.59929,Y
NGC0833,32.3366666666667,-10.1330833333333,53.61836936384161,0.0126984656326236,9.464874633511618,177.321694010423,MX,nonA,0.15395406278645118,73738374718.35405,Y
NGC0835,32.35249999999999,-10.1358888888889,56.1010389741187,0.0132864375366055,24.20871295792403,94.0499318856405,MX,U,7.201081408189696,132116046175.3168,Y
NGC0932,36.9779166666667,20.3325277777778,57.30359122521644,0.0135712385966373,4.085240961910936,138.991631085807,nR,nonA,0.28188970834431254,115535642592.61363,Y
NGC0976,38.499583333333305,20.976694444444398,58.63329890149971,0.0138861539405587,43.860003882813885,253.178811019281,cQ,nonA,3.874209399729475,85482445098.65172,Y
NGC0991,38.885833333333295,-7.15438888888889,20.884074116962683,0.00494598587368182,6.5114338953061335,170.244957332469,cQ,nonA,0.173280983633891,2617435447.4036193,Y
NGC1070,40.8425,4.96827777777778,57.06591215973859,0.0135149489429165,12.364464079387433,92.8377097237197,QnR,wAGN,2.45709455259714,133308545088.20515,Y
NGC1094,41.8658333333333,-0.285083333333333,90.31635820244652,0.0213896689568278,8.201665029635718,179.225168788689,cQ,nonA,5.204311663549158,101537758995.647,Y
NGC2565,124.95125,22.0313888888889,49.216174454849266,0.0116558915778138,4.391452194321779,254.104869256137,cQ,nonA,0.36308096425512687,46936448126.42637,Y
NGC3227f2,155.87749999999997,19.8651666666667,15.632874374137955,0.00370234157312855,168.5226391833509,241.850841210644,MX,sAGN,0.036440718026626746,10387710077.418179,Y
NGC4390,186.460833333333,10.4588611111111,14.674899590870673,0.00347546391894828,5.2090685072064735,192.331188831043,cQ,nonA,0.12803446850596847,1142885957.8565712,Y
NGC5338,208.360416666667,5.207749999999999,10.309572709622497,0.002441621337863,13.843403118521117,188.530180002488,nR,nonA,0.009450866624821334,611264663.2184117,Y
NGC5339,208.50083333333296,-7.93066666666667,37.8665856916766,0.00896796271008605,15.070781943317177,167.471597586453,QnR,nonA,0.6074071141348019,23025863157.320934,Y
NGC5635,217.132083333333,27.409,60.46527907625046,0.014320022735241,4.788519390405764,152.795018432394,MX,sAGN,0.8970376566513893,117130232701.12186,Y
NGC5735,220.638333333333,28.7264722222222,52.61017530921556,0.0124596945229166,8.06877267633152,234.488086909875,QnR,sAGN,1.0472965119094555,31375908315.226048,Y
NGC5957,233.84666666666698,12.0475833333333,25.267270790428057,0.00598406056672844,10.770317556787159,177.872026438589,QnR,wAGN,0.251959592005287,11089757322.169037,Y
NGC6261,254.12708333333296,27.9776944444444,146.92751081139684,0.0347969169644994,4.018684295115141,172.463801455173,MX,nonA,0.31343660581810895,76472478377.50398,Y
NGC6941,309.0975,-4.61869444444445,87.22312662571106,0.020657097352414,4.0954120282917685,224.921135453543,QnR,nonA,2.5534191750052666,141471656886.6891,Y
NGC6962,311.82916666666694,0.32077777777777794,58.50933893477979,0.0138567964387195,4.132127272077506,134.412561944027,nR,nonA,0.21407955183804064,100997578257.41672,Y
NGC6977,313.12375,-5.746083333333329,85.95167034319353,0.020355977715646,4.070867569063184,241.876112147028,QnR,wAGN,1.3103436945159088,118724959274.94038,Y
NGC6978,313.1475,-5.71108333333333,83.76073940587327,0.0198370984296643,5.7155618844425025,216.868870599617,MX,nonA,1.7257235395449626,109142589716.10522,Y
NGC7047,319.115,-0.8265,81.20584669538196,0.0192320218921989,5.5893812129302125,195.136692668793,cQ,nonA,2.3659180578410326,78774068652.69324,Y
NGC7253C,334.86749999999995,29.387194444444404,62.942580167035985,0.0149067232100267,9.157201237643841,210.921112747711,MX,nonA,0.05849522669825259,19382808334.564556,Y
NGC7550,348.81666666666695,18.9615,70.98874946478033,0.0168123015689721,5.675270241779366,243.414521227115,nR,wAGN,0.24862667291567653,180222280261.9057,Y
NGC7631,350.36083333333295,8.217583333333332,52.01936518090884,0.01231977266034,9.585652982285334,165.915141250957,QnR,nonA,0.963001043124218,49452336476.99718,Y
NGC7653,351.20541666666696,15.275583333333302,58.97014214413242,0.0139659286966899,12.171806722036022,253.103898432742,cQ,nonA,3.1445507768112337,53435474501.79863,Y
NGC7722,354.67166666666697,15.954583333333298,55.80338119954502,0.0132159430947649,9.40552813288431,230.831682189615,nR,nonA,0.8294560876565971,130953791721.55989,Y
NGC7782,358.4741666666669,7.970583333333331,75.25539694510067,0.0178227738574469,7.49766511662915,265.624868464959,QnR,wAGN,3.3508763845690686,200827421624.5509,Y
NGC7803,0.33291666666666697,13.111249999999998,74.35276718445532,0.0176090035930668,7.563389126807652,170.919837301744,MX,S,2.8689487892704295,101194695210.70401,Y
NGC7824,1.2758333333333298,6.92008333333333,85.8339853645067,0.0203281063224078,4.033447083927874,247.032390181691,nR,wAGN,0.411651500678762,148476290941.01004,Y
SN2000cn,269.41999999999996,27.835000000000004,98.80956189667569,0.0234011186988032,7.107050300887794,122.760670742049,cQ,nonA,1.635804217140602,1e-12,Y
SN2005W,27.674583333333295,21.7601111111111,39.80360808250822,0.00942670870612123,6.7814472726272905,182.360914147734,MX,nonA,0.17857639152279942,34897663711.966606,Y
SN2005bl,181.047083333333,20.4098611111111,100.5566564997743,0.023814884000464,5.35304646114184,123.783578383574,nR,nonA,0.2495356846021855,194237685680.4094,Y
SN2007N,192.25624999999997,-9.45691666666667,53.13405661511316,0.0125837655985096,4.207899750163844,97.3546456514084,cQ,nonA,0.189496895109339,21062907233.827698,Y
SN2014aa,176.265833333333,19.9738055555556,71.3618026384863,0.0169006519414592,5.022599389306182,128.822296119901,QnR,wAGN,1.0429133134587418,81137516473.83626,Y
SN2014dl,247.44666666666697,8.644250000000001,138.94383267597425,0.0329061384192466,5.630991292203684,180.483957596641,QnR,nonA,0.3197058248917287,40895958720.837975,Y
UGC00036,1.3075,6.77197222222222,87.87516493028872,0.0208115199150557,7.110459193225266,108.30030458193,QnR,nonA,1.547496578011401,98776419361.69037,Y
UGC00386,9.598749999999999,15.0395555555556,78.58145221388934,0.0186104852150288,9.282605818558693,261.295420134319,MX,nonA,3.558484915040073,11308331962.986797,Y
UGC02229,41.36458333333329,0.914277777777778,102.81387232362167,0.0243494615697675,6.324244808528787,263.818996555684,nR,nonA,0.3575257747668176,138720910655.89847,Y
UGC02311,42.366249999999994,-0.873,100.35531017265284,0.0237671990476103,5.97034640737357,156.28874309839,QnR,nonA,2.516141745436456,100415815968.54556,Y
UGC02367,43.4216666666667,6.265555555555559,103.98597469892356,0.0246270511702585,11.89443093516644,233.785695471259,MX,nonA,3.840467549099188,187731655358.50607,Y
UGC04145,119.91708333333297,15.3867777777778,64.10799386750449,0.0151827287282618,15.905811265877105,225.596375933296,MX,sAGN,0.1134565556994028,34952851611.64047,Y
UGC04197,120.85624999999997,10.0504722222222,64.0100538270922,0.0151595335387775,4.401308135526538,218.259050099461,cQ,nonA,0.34987247150513023,48012793394.71378,Y
UGC04375,125.79666666666698,22.6645833333333,28.062863285189206,0.00664614215627944,4.889338072475735,242.35816422412,cQ,nonA,0.2270880197239018,10956448668.545673,Y
UGC04425,127.05958333333297,28.0572777777778,81.86751917759287,0.0193887261220197,6.297243230215058,220.850985131675,MX,nonA,1.2687895931689641,25933275535.358906,Y
UGC09110,213.55541666666699,15.6223888888889,65.13198482099953,0.0154252410255463,6.029619173731226,105.396486905221,cQ,nonA,2.3125856955448567,31203849676.036144,Y
UGC09401,219.03833333333296,21.793527777777804,79.3281910808585,0.0187873357599308,4.522726159384234,176.304372066558,MX,nonA,1.1809899589792623,126485852432.08714,Y
UGC09711,226.65249999999997,9.438583333333343,117.87794261980623,0.0279170929843947,6.028523018209993,197.521881420413,MX,sAGN,0.15651495979911925,104455930271.14731,Y
UGC10738,257.77374999999995,5.85169444444444,94.6367597932445,0.0224128718585721,5.660769561741204,138.390571469049,MX,nonA,0.2612063513973096,101500775992.3312,Y
UGC11680NED01,316.9220833333329,3.8715833333333305,108.94046737636288,0.0258004261859108,28.082675740843076,154.633503569024,MX,sAGN,1.2750821121495655,177670137413.53586,Y
UGC12518,350.052916666667,7.93219444444445,53.36135046191449,0.0126375957156198,6.827825839142253,114.987451025808,nR,nonA,0.039695635303539464,32112617450.92412,Y
UGC12633,352.55666666666707,15.7609722222222,58.360436806803754,0.0138215318721696,20.671886152020942,224.048615950824,MX,nonA,7.656849559535327,46139077614.35634,Y
UGC12767,356.2924999999999,7.04208333333333,72.99821921737149,0.0172882053104664,5.216220816047163,121.066540333224,QnR,nonA,0.35374353835826083,6920928352.291067,Y
UGC4310,124.31541666666696,1.20636111111111,59.91404346993142,0.0141894733267944,3.9781099314688806,250.836772525981,cQ,nonA,0.24429328337150372,9056566297.517715,N
UGC8472,202.30666666666698,11.2758055555556,92.43028606062202,0.0218903115644896,6.893649436582807,136.128720969133,MX,nonA,1.5280714729828082,62954975326.988846,Y
sn2001bf,270.38999999999993,26.2528888888889,64.59257579779425,0.0152974925127816,5.967635409512859,197.682256285754,MX,nonA,2.023401633684731,81620474386.95195,Y
sn2003gt,308.24458333333297,9.87461111111111,62.15119899173013,0.0147193000045813,11.383479899101095,99.5486488263061,MX,nonA,0.9864142512168825,104934561815.024,Y
sn2004dt,30.551249999999996,-0.100527777777778,81.48574347326274,0.0192983099881774,16.30255028325527,100.620262575829,nR,wAGN,0.17690336966904838,112126290608.45808,Y
sn2005A,37.6779166666667,-2.93886111111111,80.27145037927366,0.0190107283383641,18.21435716095236,100.178645856242,cQ,nonA,13.629049259052813,273267719231.13358,Y
